title,summary,category,url
Researchers Find a Wordle Strategy That Wins 99% of the Time,"Researchers at Binghamton University have developed a mathematical strategy that can solve Wordle with a 99% success rate. Instead of simply guessing words packed with common letters or choosing the most likely answer, the method uses Shannon entropy, a measure from information theory, to identify guesses that reveal the most useful information. Each guess is designed to rapidly shrink the pool of possible answers, even when the guessed word itself seems unlikely to be correct.",Physical/Tech,https://www.sciencedaily.com/releases/2026/09/260911204910.htm
An Important Step Towards Detecting Fractons in Quantum Spin Liquids,"A more realistic quantum model has revealed evidence that strange, nearly immobile quasiparticles called fractons could exist in solid materials. Their inability to move freely could make them promising building blocks for unusually robust quantum information storage.",Physical/Tech,https://www.sciencedaily.com/releases/2026/09/260903064222.htm
AI Can Now Control Fusion Plasma Faster Than Humans Can React,"Princeton researchers have tested an AI system that can monitor and control fusion plasma in milliseconds, reacting far faster than a human operator. In one experiment, it predicted a damaging instability about 200 milliseconds before it appeared and adjusted the plasma to stop it from forming.",Physical/Tech,https://www.sciencedaily.com/releases/2026/09/260903064215.htm
MIT Turns Bacteria Into Living Transistors,"MIT researchers have created bacterial “transistors” that can be wired together into living circuits capable of performing calculations and directing chemical signals. One day, these biological computers could coat plant roots or leaves, detecting environmental threats and automatically triggering defenses.",Physical/Tech,https://www.sciencedaily.com/releases/2026/09/260901070526.htm
Scientists Just Overturned a Century-old Physics Assumption,"Scientists at Carnegie Mellon University have discovered an unexpected form of the Hall effect, overturning the long-held assumption that this electrical response only appears when a magnetic field points perpendicular to a material. Beyond expanding a century-old principle of physics, the finding could eventually lead to simpler magnetic sensors for electronics, transportation, and medical technologies.",Physical/Tech,https://www.sciencedaily.com/releases/2026/09/260901010659.htm
Interstellar Solar Sails Hit a Strange Problem at 75% of Light Speed,"Solar sails pushed by powerful lasers could reach incredible speeds, but relativity may eventually make the light itself work against them. At around 75% of the speed of light, scattered photons can begin creating drag, adding a surprising obstacle to interstellar travel.",Physical/Tech,https://www.sciencedaily.com/releases/2026/08/260831015157.htm
"NASA’s Swift Telescope Is Back, but Time Is Running Out","NASA has brought two of Swift’s telescopes back online after technical problems derailed a commercial mission intended to rescue the aging observatory by raising its orbit. With atmospheric drag pulling the spacecraft downward faster than expected, scientists may have only another month or two before Swift falls below a critical operating altitude.",Physical/Tech,https://www.sciencedaily.com/releases/2026/09/260901010702.htm
Scientists Discover Two Superconducting States Hiding as One,"Scientists have uncovered hidden complexity inside two ultrathin superconductors that seemed much simpler than they really are. Niobium diselenide and tantalum disulfide appeared to have a single superconducting state, but highly sensitive measurements revealed that each actually contains two strongly interacting states working so closely together that they masquerade as one.",Physical/Tech,https://www.sciencedaily.com/releases/2026/08/260828005222.htm
NASA’s Roman Space Telescope Launches to Reveal the Universe’s Darkest Secrets,"NASA’s Roman Space Telescope has launched on a million mile journey to L2, where it will scan huge portions of the cosmos for clues about dark matter, dark energy, and distant worlds. With survey speeds roughly 1,000 times faster than Hubble and a torrent of 1.4 terabytes of data per day, Roman could uncover cosmic surprises astronomers have never seen before.",Physical/Tech,https://www.sciencedaily.com/releases/2026/08/260831035213.htm
Scientists Discover Diamonds Can Generate Electricity,"Diamond was thought to be incapable of producing electricity through mechanical deformation, but ultrathin flexible diamond membranes have now shown a strong and repeatable piezoelectric effect. The unexpected discovery could open the door to diamond-powered sensors, tiny energy systems, and self-powered medical implants.",Physical/Tech,https://www.sciencedaily.com/releases/2026/08/260829035223.htm
"A New Recipe Unlocks “Impossible” Nanocrystals for LEDs, Implants, and Superconductors","Scientists have cracked a long-standing chemistry problem, creating nanocrystals from tough metal nitrides that were previously extremely difficult to produce at this scale. The breakthrough could turn familiar materials used in LEDs, implants, and superconductors into building blocks for flexible electronics, printable devices, and other technologies.",Physical/Tech,https://www.sciencedaily.com/releases/2026/08/260827010510.htm
NASA’s Roman Telescope Will See 100 Times More Sky Than Hubble,"NASA’s Roman Space Telescope will combine Hubble-like detail with a field of view 100 times larger, giving astronomers a sweeping new way to explore the cosmos. Its observations could uncover hidden planets, map billions of cosmic objects, and help scientists unravel the mysteries of dark matter and dark energy.",Physical/Tech,https://www.sciencedaily.com/releases/2026/08/260828082333.htm
Tiny Sound Waves Could Help Solve a Major Quantum Computing Problem,"Researchers at Harvard have demonstrated a way to protect quantum information using microscopic sound waves. By continuously surrounding a diamond-based qubit with mechanical vibrations, they extended its coherence time by roughly threefold. The same phonons could eventually both transmit and protect quantum information, opening the door to compact sound-based quantum networks on chips.",Physical/Tech,https://www.sciencedaily.com/releases/2026/09/260911214245.htm
Tiny Nanolaser Could Cut Computer Energy Use in Half,"Scientists have created an ultra-small nanolaser that could eventually allow microchips to transmit information with light instead of electricity, potentially making computers faster while cutting energy use roughly in half. Thousands of the lasers could fit on a single chip, opening possibilities for more efficient data centers, smartphones, and advanced medical sensors.",Physical/Tech,https://www.sciencedaily.com/releases/2026/09/260911003858.htm
"Scientists Just Made Quantum Computer Operations 1,000 Times Faster","Researchers have found a way to perform certain quantum operations more than 1,000 times faster, cutting thousands of repeated control cycles down to just one. The advance could reduce errors and bring reliable, fault-tolerant quantum computers closer to reality.",Physical/Tech,https://www.sciencedaily.com/releases/2026/09/260911003845.htm
Scientists Find a Way to Slash Computer Memory Energy Use by Orders of Magnitude,"Scientists have devised a new way to switch magnetic computer memory while using far less energy than today&apos;s leading technologies. By mathematically optimizing the pulses used to flip digital bits, the method could reduce energy consumption by several orders of magnitude. Simulations suggest it may bring future memory devices surprisingly close to the fundamental physical limit for processing information. The same idea could eventually work with electrical currents or ultrafast lasers.",Physical/Tech,https://www.sciencedaily.com/releases/2026/09/260906170132.htm
Harvard Scientists Turn Knitting Into Shape-Shifting Smart Fabric,"Harvard researchers have transformed ordinary knitting into a platform for creating fabrics that can snap between different shapes and perform useful functions. Using elastic yarns and industrial knitting techniques, the team engineered thick textiles that naturally curve and lock into multiple stable configurations, much like a light switch flipping between on and off. By adding conductive yarn, they turned these shape-shifting fabrics into soft electronic switches capable of controlling lights, counting steps, and responding to movement.",Physical/Tech,https://www.sciencedaily.com/releases/2026/09/260901070543.htm
A “quantum Bath” Puts Quantum Entanglement on Autopilot,"Physicists have demonstrated a new way to entangle distant quantum bits without the constant measurements and active control normally required. The team created a “quantum bath,” a shared environment filled with correlated microwave photons that automatically pushes separated qubits into an entangled state and helps keep them there. The experiment confirms a theoretical prediction made more than 20 years ago and could offer a simpler way to connect modules in future quantum computers.",Physical/Tech,https://www.sciencedaily.com/releases/2026/08/260830000002.htm
IBM Quantum Computer Solves Classically Intractable Problem in 15 Minutes,IBM and University of Chicago researchers have completed a quantum computation that leading classical methods could not practically reproduce. The system used 70 error-corrected logical qubits and finished the task in roughly 15 minutes while also providing statistical evidence that the result was reliable.,Physical/Tech,https://www.sciencedaily.com/releases/2026/08/260829035219.htm
AI Searched 100 Million Possibilities and Found a Cheaper Way to 3D-Print a NASA Rocket Alloy,"Researchers used AI to search through more than 100 million possible settings for 3D-printing a high-performance NASA alloy. After only 40 experiments, the system identified six successful configurations, including one that worked at a record-low 500 watts. That could allow GRCop-42, currently difficult and expensive to print, to be made with much more widely available equipment.",Physical/Tech,https://www.sciencedaily.com/releases/2026/08/260827010504.htm
Scientists Switch on a Strange New Form of Magnetism in an Ultrathin Material,"Scientists have found a surprising way to potentially switch on an unusual form of magnetism in ruthenium dioxide, a material that normally appears nonmagnetic. When the material was made into an ultrathin film only a few atomic layers thick and placed under strain, its electrons developed patterns consistent with altermagnetism, a recently proposed magnetic state with promising uses in advanced electronics.",Physical/Tech,https://www.sciencedaily.com/releases/2026/08/260826055454.htm
NASA Just Used Satellites and Debris to Navigate Without GPS,"NASA has successfully tested a system that allows satellites to navigate without GPS by using other spacecraft and debris as landmarks in orbit. In just three days, FALCON also improved the known orbits of more than 200 space objects completely autonomously.",Physical/Tech,https://www.sciencedaily.com/releases/2026/08/260826055450.htm
Scientists Create Brilliant White Material Without a Drop of White Pigment,"Researchers have created a foam-based material that produces intense whiteness and water repellency without titanium dioxide pigments or PFAS chemicals. Inspired by natural structures in snow, clouds, flowers, and lotus leaves, the material uses tiny pores to scatter light while its rough surface repels water. The technology could offer a more sustainable way to make white, water-resistant everyday materials.",Physical/Tech,https://www.sciencedaily.com/releases/2026/09/260909231712.htm
The Moon May Have Formed Intact Just Hours After a Giant Collision,"Scientists have discovered that the Moon-forming collision may have depended heavily on how hot and physically strong early Earth and Theia were. New simulations found that some impacts create the familiar disk of debris that later becomes the Moon, while others can produce an intact Moon in only about five hours. The results challenge the long-standing assumption that the enormous collision could be modeled as if both worlds behaved mostly like fluids.",Physical/Tech,https://www.sciencedaily.com/releases/2026/09/260909231729.htm
Chinese Scientists Find a Hidden Atomic Structure That Unlocks Methane,"Scientists found that a tiny atomic structure that forms on nickel oxide during methane conversion is more effective than the metallic nickel long believed to drive the reaction. The discovery allowed a low-nickel catalyst to rival one containing 10 times more metal, potentially opening the door to cheaper and more efficient industrial catalysts.",Physical/Tech,https://www.sciencedaily.com/releases/2026/09/260909005148.htm
Scientists Observe Einstein’s Gravity in the Quantum World for the First Time,"Physicists have directly observed a long-predicted quantum effect of gravity, putting one of Einstein’s foundational ideas to a striking new test. Using ultracold atoms, researchers split an atom’s quantum wave so that one part was held in place while the other fell freely under gravity, then reunited the two to measure the tiny difference that emerged.",Physical/Tech,https://www.sciencedaily.com/releases/2026/09/260907201552.htm
NASA Scientists Discover a Giant 10-Sided Pattern on Saturn,"A huge 10-sided atmospheric pattern has appeared around Saturn’s south pole, giving the planet a surprising counterpart to its famous northern hexagon. Hubble data suggest the strange decagon only began emerging in the past few years and is still growing stronger. Researchers hope continued observations will reveal why it suddenly formed and whether it could persist for decades.",Physical/Tech,https://www.sciencedaily.com/releases/2026/09/260903064229.htm
Astronomers Detect Ancient Hydrogen Signal That Could Help Map the Universe,"Astronomers have detected an exceptionally faint hydrogen radio signal from billions of light-years away using South Africa’s MeerKAT telescope. Instead of finding galaxies one at a time, the technique measures their combined hydrogen glow across enormous stretches of space. The successful detection shows that astronomers may soon be able to create much larger 3D maps of the Universe.",Physical/Tech,https://www.sciencedaily.com/releases/2026/09/260907201556.htm
Dark Matter Detector Finds a Strange Signal Scientists Can’t Yet Explain,"The LUX-ZEPLIN experiment has detected a rare particle interaction that looks unusually difficult to explain as ordinary background noise and appeared where dark matter might be expected. Scientists are not claiming a discovery yet, but additional data could show whether this single mysterious event is the first hint of a long-sought dark matter particle.",Physical/Tech,https://www.sciencedaily.com/releases/2026/09/260904000313.htm
September Brings a Dazzling Venus and a Glowing Harvest Moon,"September’s sky features brilliant Venus, the Milky Way’s hazy center, and the seasonal turning point of the equinox. The month ends with a glowing Harvest Moon rising near Saturn and faint Neptune.",Physical/Tech,https://www.sciencedaily.com/releases/2026/09/260902234500.htm
The Universe Has Plenty of Hydrogen. So Why Is Star Formation Collapsing?,"Star formation across the universe has fallen dramatically over the past 4.5 billion years, but astronomers have uncovered a surprising twist: the supply of neutral hydrogen, a key ingredient for making stars, has barely declined. Using China’s FAST radio telescope and data from roughly 2.5 million galaxies observed by DESI, researchers found that star formation was about 2.5 times higher 4.5 billion years ago, while neutral hydrogen levels were only about 1.4 times higher.",Physical/Tech,https://www.sciencedaily.com/releases/2026/09/260902234442.htm
NASA Delays Crew-13 Launch After Leak Found on SpaceX Dragon,NASA and SpaceX have delayed Crew-13 after finding an oxidizer leak in the Dragon spacecraft’s propulsion system during prelaunch preparations. Engineers are investigating the problem before the four-person crew can begin its journey to the International Space Station.,Physical/Tech,https://www.sciencedaily.com/releases/2026/09/260901010705.htm
Mercury’s Surface Reveals a Surprisingly Fiery Past,"Scientists have discovered that Mercury’s surface contains far less silicon dioxide than previously thought, pointing to an unexpectedly hot volcanic past. The finding suggests ancient lava may have originated from deeper, more extensively melted parts of the planet’s mantle.",Physical/Tech,https://www.sciencedaily.com/releases/2026/09/260911003854.htm
Raindrops Can Damage Paint With Microscopic “lightning”,"Scientists discovered that charged water droplets can damage protective coatings by releasing tiny electrical discharges when they hit a surface. The hidden effect could help explain weathering and lead to tougher coatings for cars, bridges, buildings, and more.",Physical/Tech,https://www.sciencedaily.com/releases/2026/09/260909005159.htm
Scientists Discover a Massive Heat Anomaly Deep Inside Mars,"Mars has a hidden temperature divide, with its southern interior potentially hundreds of degrees hotter than the north and partially molten. The discovery could help explain several long-standing Martian mysteries, including unusual magnetism, seismic behavior, and clues to the planet’s ancient water history.",Physical/Tech,https://www.sciencedaily.com/releases/2026/08/260828082336.htm
Earth May Have Lost the Sun’s Protective Shield Millions of Years Ago,NASA-funded studies suggest Earth’s climate has been influenced by both the Sun’s travels through dense regions of the Milky Way and the violent superflares of its youth. Those events may help explain ancient ice ages as well as how early Earth stayed warm enough for liquid water when the Sun was much dimmer.,Physical/Tech,https://www.sciencedaily.com/releases/2026/09/260901070523.htm
NASA’s Roman Space Telescope Is Ready to Hunt Thousands of Alien Worlds,"NASA’s Roman Space Telescope is now enclosed inside its Falcon Heavy fairing and nearly ready for launch. Its mission could uncover thousands of exoplanets while helping scientists investigate dark matter, dark energy, and the accelerating expansion of the universe.",Physical/Tech,https://www.sciencedaily.com/releases/2026/08/260826055448.htm
Scientists May Have Finally Caught “empty” Space Changing Light,"A magnetar with an astonishingly powerful magnetic field may have revealed a quantum effect predicted by Werner Heisenberg nearly 90 years ago. Its light shows signs that supposedly empty space is altering how the light travels, potentially providing the first evidence of vacuum birefringence.",Physical/Tech,https://www.sciencedaily.com/releases/2026/08/260826055445.htm
Scientists Turn Tiny “defects” Into a 5.5x Heat Transfer Boost,"Scientists have developed an ultrathin coating that could dramatically improve how efficiently heat is transferred during condensation. By turning tiny polymer structures once considered “defects” into places where water droplets can form, then helping those droplets detach quickly, the new surface keeps exposing fresh areas for condensation. In tests on copper tubes, it transferred heat up to 5.5 times more effectively than conventional copper and more than 50% better than a standard water-repelling coating.",Physical/Tech,https://www.sciencedaily.com/releases/2026/08/260823014940.htm
NASA Is About to Launch a Powerful New Eye on the Universe,"NASA’s Roman Space Telescope has been cleared for final launch preparations ahead of a targeted August 30 liftoff aboard SpaceX’s Falcon Heavy. The powerful new observatory will probe cosmic expansion, the history of the universe, and distant exoplanets.",Physical/Tech,https://www.sciencedaily.com/releases/2026/08/260823094140.htm
Trump to Award Congressional Space Medal of Honor to Artemis II Astronauts,The Artemis II crew will receive the Congressional Space Medal of Honor after becoming the first humans in more than 50 years to travel beyond the Moon. Their 10-day Orion mission also carried them farther into space than anyone in history.,Physical/Tech,https://www.sciencedaily.com/releases/2026/08/260823094138.htm
A Tiny “rainbow on a Chip” Could Help Supercharge 6G Networks,"Researchers have created a tiny chip that produces a stable “rainbow” of light capable of generating multiple high-frequency signals at once, potentially boosting the speed and capacity of future 6G networks. Its extreme precision could also make it valuable for quantum timing, navigation, radar, and even space-based technologies.",Physical/Tech,https://www.sciencedaily.com/releases/2026/08/260823014946.htm
A Hidden “on Switch” in Human DNA Has Finally Been Decoded,"Researchers have used AI to uncover the DNA signature of a key genetic “switch” involved in turning genes on. After analyzing about 500,000 DNA sequences, the model identified the initiator in roughly 60% of human genes. The breakthrough could help predict the effects of harmful mutations and eventually contribute to decoding the broader genetic instructions that control gene activity throughout the body.",Physical/Tech,https://www.sciencedaily.com/releases/2026/08/260823014943.htm
JWST Finds Early Galaxies May Be 4 Times More Massive Than Thought,"Astronomers using JWST have discovered that massive early galaxies contain far more small, faint stars than expected. That hidden population could make some of these galaxies three to four times more massive than previous estimates. The finding makes it even harder to explain how enormous, mature galaxies formed so soon after the Big Bang. It could also suggest that planets around low-mass stars were more common in the early universe than scientists realized.",Physical/Tech,https://www.sciencedaily.com/releases/2026/08/260822015141.htm
Physicists Create a Tiny “Big Bang” With Surprisingly Small Atomic Nuclei,"Researchers at CERN have created microscopic versions of the early Universe by colliding surprisingly small atomic nuclei at nearly the speed of light. The collisions produced quark-gluon plasma, the ultra-hot matter believed to have filled the cosmos shortly after the Big Bang. Even more intriguingly, the particles left behind reveal the shape of the nuclei that created them, offering a new way to probe both nuclear physics and the Universe’s earliest moments.",Physical/Tech,https://www.sciencedaily.com/releases/2026/08/260822015143.htm
"Black Holes Keep Tearing These Stars Apart, but They Survive","Astronomers have found stars that repeatedly skim past supermassive black holes, surviving each encounter while producing a new burst of light. In some systems, those flares mysteriously fade with every return. Researchers now think the key may be stars that were already spinning extremely fast before being captured. That rapid rotation could explain both the fading flares and how the stars ended up in such extraordinarily tight black hole orbits.",Physical/Tech,https://www.sciencedaily.com/releases/2026/08/260822015119.htm
A Mysterious Cosmic Hum May Come from 13-Billion-Year-Old Dark Stars,"Today’s mysterious gravitational-wave background may preserve clues about how the Universe’s first supermassive black holes formed. Descendants of hypothetical Dark Stars could be responsible for a major portion of the signal, offering a surprising new way to investigate cosmic dawn and dark matter.",Physical/Tech,https://www.sciencedaily.com/releases/2026/08/260827010457.htm
NASA Finds Earth Microbes Could Survive on the Moon,"NASA scientists found that microbes brought by astronauts could survive in cold, shadowed niches around the Moon’s South Pole, potentially complicating future searches for pristine lunar chemistry. Some refuges may be no larger than a footprint, while one hardy fungus could even withstand limited exposure to sunlight.",Physical/Tech,https://www.sciencedaily.com/releases/2026/08/260823094142.htm
Dying Radio Galaxies Fade Faster Than Scientists Expected,"Astronomers have identified a surprisingly young population of fading radio galaxies whose supermassive black holes have already switched off their powerful jets. The confirmed remnants range from about 8 to 42 million years old, suggesting many may disappear from view much faster than previously recognized. More distant remnants also seem to fade especially quickly, helping explain why they have been so difficult to detect.",Physical/Tech,https://www.sciencedaily.com/releases/2026/09/260901010656.htm
A Search for One Exotic Particle Uncovered Two Strange New Structures,A search for one mysterious particle unexpectedly revealed evidence for two different structures that may belong to the bizarre family of exotic subatomic particles known as XYZ states. The findings could help physicists uncover new ways that quarks and gluons combine to create matter.,Physical/Tech,https://www.sciencedaily.com/releases/2026/08/260831015147.htm
One Asteroid Strike May Explain Two Mysteries of Mars’ Moon Deimos,"A single asteroid impact may explain two of Deimos’s most puzzling features: its huge southern depression and unusually smooth, dusty surface. Simulations suggest a roughly 320-meter asteroid struck the Martian moon at an angle, throwing debris around the entire world without breaking it apart. New observations from ESA’s Hera spacecraft support the scenario and indicate that Deimos is surprisingly porous and fragile.",Physical/Tech,https://www.sciencedaily.com/releases/2026/08/260824065516.htm
A SpaceX Rocket Smashed Into the Moon — NASA Just Revealed the Crater,"A discarded SpaceX Falcon 9 stage crashed into the Moon on Aug. 5, leaving behind a newly formed crater about 60 feet wide. NASA’s Lunar Reconnaissance Orbiter captured detailed images showing bright and dark streaks of debris blasted across the surrounding surface. The impact even exposed fresh material buried beneath the Moon’s weathered exterior.",Physical/Tech,https://www.sciencedaily.com/releases/2026/08/260820002429.htm
Hidden Magnetism Inside Atoms May Explain Mysterious Gamma Rays,"For decades, scientists have puzzled over why certain atomic nuclei unexpectedly produce large numbers of low-energy gamma rays. A new experiment traced the effect to magnetic changes inside the nucleus, where protons and neutrons effectively flip their tiny internal magnets. The discovery could sharpen models of everything from nuclear reactions on Earth to the creation of heavy elements in stars and neutron star mergers.",Physical/Tech,https://www.sciencedaily.com/releases/2026/08/260820202849.htm
A Strange New Quantum Droplet Can Hold Itself Together,"Two very different types of quantum particles may be able to form stable droplets that hold themselves together, challenging decades of conventional thinking. The prediction could soon be tested experimentally and may reveal an unexpectedly rich world of new quantum phases.",Physical/Tech,https://www.sciencedaily.com/releases/2026/08/260820202846.htm
This Total Solar Eclipse Looked Strangely Golden — Here’s Why,"Spain’s total solar eclipse delivered an unexpected sight: a corona glowing gold instead of its usual pearly white. Because the Sun was setting, its light passed through more atmosphere, while smoke from nearby wildfires filtered out even more blue light. The result was a dramatic golden eclipse, punctuated by a bright pink solar prominence.",Physical/Tech,https://www.sciencedaily.com/releases/2026/08/260820002432.htm
Tiny Quantum Engines Reveal Useful Energy Hiding in “waste Heat”,"A tiny machine made from just an atom and particles of light may sound impossibly simple, but it raises a surprisingly difficult question: what counts as heat, and what energy can still do useful work? University of Basel researchers have developed a theoretical framework that brings quantum physics and thermodynamics into better agreement for these microscopic “light engines.”",Physical/Tech,https://www.sciencedaily.com/releases/2026/08/260819041222.htm
Quantum Oscillations Defy Expectations in This Exotic Material,"Scientists have uncovered an unusual form of electron behavior in zirconium pentatelluride, a quantum material that can act as both an insulator and a conductor. Under temperatures near absolute zero and magnetic fields reaching 60 tesla, electrons produced quantum oscillations that continued even after conventional physics predicted they should disappear.",Physical/Tech,https://www.sciencedaily.com/releases/2026/09/260901010715.htm
Scientists Crushed Diamond Beyond Neptune-Like Pressures—and Solved a 20-Year Mystery,"Extreme experiments have revealed how diamond behaves at crushing pressures beyond those inside Neptune and Uranus, resolving a decades-old conflict between theory and observation. The results could help scientists boost fusion energy output while revealing more about the exotic diamond rain hidden inside ice giant planets.",Physical/Tech,https://www.sciencedaily.com/releases/2026/08/260820002424.htm
Physicists Discover a Hidden Gluon Structure Inside Protons That Could Rewrite Textbooks,"Physicists may have uncovered a hidden feature inside protons that helps preserve one of matter’s most fundamental properties. RHIC collision data suggest baryon number is carried not simply by three quarks, but by a Y-shaped junction of the gluons connecting them. The finding challenges a decades-old textbook picture and could deepen our understanding of why protons—and ultimately matter itself—remain stable.",Physical/Tech,https://www.sciencedaily.com/releases/2026/08/260815064805.htm
Australia’s Red Soil May Be Hiding a Massive Clean Energy Source,"Researchers have discovered that Western Australia’s iron-rich rocks can naturally generate hydrogen and that the process may be boosted to produce much larger amounts. If it can be scaled up, the vast formations beneath the Pilbara could become a major new source of low-emission energy for Australia and potentially the world.",Physical/Tech,https://www.sciencedaily.com/releases/2026/08/260829035214.htm
Rocky Planets May Have Formed Just 100 Million Years After the Big Bang,"Rocky planets may have been able to start forming just 100 million years after the Big Bang, thanks to enormous early supernovae that scattered planet-building elements across space. Simulations found enough solid material and water around a young star to suggest that Earth-like worlds could have appeared far earlier than previously believed.",Physical/Tech,https://www.sciencedaily.com/releases/2026/08/260828082345.htm
A Ghostly Ribbon of Stars Reveals Hidden Dark Matter,"A faint ribbon of stars around a distant galaxy has become the first globular cluster stellar stream ever identified beyond the Milky Way. Because the stars trace the galaxy’s gravity, researchers used the stream to estimate how much invisible dark matter surrounds it and how that matter is distributed. The breakthrough offers astronomers a promising new way to investigate one of the universe’s greatest mysteries.",Physical/Tech,https://www.sciencedaily.com/releases/2026/08/260823015000.htm
Scientists Tracked Kids for 8 Years — the Screen Time Result Was Unexpected,"An eight-year Finnish study found that children who spent more time on screens tended to show better cognitive processing as teenagers, challenging common assumptions about screen use. Researchers say the key may be balancing physical activity with screen activities that encourage learning, creativity, and active thinking.",Physical/Tech,https://www.sciencedaily.com/releases/2026/08/260815064803.htm
Tiny Graphene Wrinkles Create Surprisingly Powerful Electrical Effects,"Scientists have discovered that tiny, sharply curved wrinkles in graphene can dramatically alter its electrical behavior, creating surprisingly strong charge separation. The finding suggests future electronics could be tuned by reshaping materials at the atomic scale instead of changing what they’re made of.",Physical/Tech,https://www.sciencedaily.com/releases/2026/08/260815064801.htm
JWST Spots a Bizarre “black Hole Star” 100 Billion Times Brighter Than a Star,"Astronomers using the James Webb Space Telescope have discovered a bizarre object from just a few hundred million years after the Big Bang that looks like an enormous star but shines far too brightly to actually be one. The mysterious red object, dubbed a “black hole star,” may contain a black hole about 100,000 times the mass of the Sun wrapped inside a dense, star-like cocoon of hydrogen roughly the size of our solar system.",Physical/Tech,https://www.sciencedaily.com/releases/2026/08/260813045538.htm
A Strange Crystal Made of Electrons Just Revealed Its Hidden Motion,"Physicists have found a new way to peer inside one of matter’s most elusive quantum states: the Wigner crystal, where electrons stop behaving like independent particles and organize into a crystal-like pattern. By shining light on an atomically thin material cooled close to absolute zero, researchers uncovered optical signals that reveal not just where the electrons are, but how they move together.",Physical/Tech,https://www.sciencedaily.com/releases/2026/08/260812015156.htm
James Webb Captures a Cosmic Lion Sculpted by a Dying Star,"James Webb has captured a striking new infrared view of NGC 2392, the Lion Nebula, revealing the dramatic aftermath of a dying Sun-like star. At its center, a scorching white dwarf is blasting radiation into surrounding gas and dust, carving out the nebula’s lion-like face while illuminating a sprawling “mane” of surviving dusty clumps.",Physical/Tech,https://www.sciencedaily.com/releases/2026/08/260812015206.htm
MIT Physicists Discover Electrons Rebuilding Like Ice Inside a Quantum Material,MIT physicists found that two electronic phases inside the same quantum material emerge through surprisingly different mechanisms—one smoothly and the other in expanding pockets resembling growing ice crystals. The discovery could help explain how exotic properties such as superconductivity and magnetism develop and coexist.,Physical/Tech,https://www.sciencedaily.com/releases/2026/08/260819041231.htm
Scientists Discover a Hidden Switch Inside Silver Nanocatalysts,Silver nanocatalysts have been found to switch where they perform their most important reactions depending on whether a solid oxide cell is making electricity or hydrogen. The discovery could enable smarter catalyst designs that boost clean power generation while making green hydrogen more energy-efficient.,Physical/Tech,https://www.sciencedaily.com/releases/2026/08/260810015714.htm
Scientists May Have Finally Proved That “empty” Space Isn’t Really Empty,"A magnetar’s colossal magnetic field may have revealed a quantum effect predicted by Werner Heisenberg nearly 90 years ago, in which seemingly empty space alters the behavior of light. If confirmed, the discovery could offer the first direct evidence of vacuum birefringence and open a new window into the strange physics of the quantum vacuum.",Physical/Tech,https://www.sciencedaily.com/releases/2026/08/260815065007.htm
New Fuel Cell Breakthrough Could Help Power Energy-Hungry Data Centers,"A new nanostructured carbon design lets fuel-cell catalysts use tiny amounts of platinum while remaining remarkably stable and efficient. The breakthrough could help hydrogen fuel cells become a more practical way to power data centers, vehicles, and other energy-intensive technologies.",Physical/Tech,https://www.sciencedaily.com/releases/2026/08/260807035140.htm
Sunlight Creates Quantum Entanglement Once Thought to Require Lasers,"Scientists have generated quantum entanglement directly from sunlight, potentially offering a lower-energy alternative to the lasers normally used in quantum technology. Their outdoor experiment produced entangled photons with about 94% similarity to an ideal state. The result could pave the way for simpler quantum satellites, secure communications, and more energy-efficient quantum computing.",Physical/Tech,https://www.sciencedaily.com/releases/2026/08/260807035133.htm
Scientists Turn One of the Hardest Plastics to Recycle Into High-Performance Engine Lubricant,Researchers have discovered a way to turn notoriously difficult-to-recycle PVC plastic into a key ingredient used in high-performance lubricants such as engine oil. The technique could give mountains of plastic waste a valuable second life while making lubricant production more sustainable.,Physical/Tech,https://www.sciencedaily.com/releases/2026/08/260828005220.htm
NASA’s Perseverance Rover Watches Earth Vanish from the Surface of Mars,"NASA’s Perseverance rover caught a striking first from Mars: Earth disappearing behind the tiny moon Phobos. Seen from nearly 195 million miles away, our planet was reduced to a single point of light before briefly vanishing behind Phobos. The rare alignment created an unusual cosmic portrait of Earth as seen from another planet.",Physical/Tech,https://www.sciencedaily.com/releases/2026/08/260812015203.htm
The Sun Will Vanish Over Europe in a Rare Total Solar Eclipse: Watch Live,"A total solar eclipse will plunge parts of Europe into darkness on August 12, 2026, with Spain offering some of the best views. ESA will livestream the spectacle from the Javalambre Observatory, combining telescope feeds, drone footage, and expert commentary. At 20:31 CEST, the observatory will experience 1 minute and 21 seconds of totality, revealing the Sun’s normally hidden outer atmosphere.",Physical/Tech,https://www.sciencedaily.com/releases/2026/08/260810015709.htm
The Sun Is Covered in Tiny Whirlpools We’ve Never Seen Before,"Scientists have discovered incredibly tiny plasma whirlpools swirling across the Sun’s surface, some just 20 kilometers wide. These previously invisible vortices may twist magnetic fields and help build up the energy released in small solar eruptions called nanoflares. They may also help magnetic fields spread through the Sun’s atmosphere far faster than current models can explain.",Physical/Tech,https://www.sciencedaily.com/releases/2026/08/260807035142.htm
A Mysterious Signal Around Earth Could Be Dark Matter,Scientists used Earth’s magnetic field and atmosphere as a planet-sized detector to search for some of the lightest proposed forms of dark matter. The approach dramatically improved limits on ultralight axions and uncovered several intriguing dark photon signals that still need to be explained.,Physical/Tech,https://www.sciencedaily.com/releases/2026/09/260904000328.htm
Scientists Just Imaged the Hidden Quantum Shape of a Molecule,"Researchers have found a way to create a complete 3D image of a molecule’s wavefunction, one of quantum mechanics’ most fundamental yet elusive features. By combining advanced photoelectron measurements with newly designed algorithms, the University of Göttingen team reconstructed the molecular orbital of a nanometer-sized organic molecule in remarkable detail, even resolving features smaller than the spacing between its carbon atoms.",Physical/Tech,https://www.sciencedaily.com/releases/2026/08/260822015213.htm
Scientists Detect a Nuclear Reactor’s Ghostly Afterglow for the First Time,"Nuclear reactors may go dark, but their fuel continues producing a faint antineutrino “glow” long after shutdown. Researchers have now detected that residual signal for the first time, finding it closely matched predictions of radioactive decay inside the reactor and nearby spent-fuel pools. The breakthrough suggests antineutrino detectors could eventually monitor reactors even when they are offline.",Physical/Tech,https://www.sciencedaily.com/releases/2026/08/260814011036.htm
Scientists Turn Starlink Into a Giant Scanner for Earth’s Upper Atmosphere,"Researchers have found a clever new way to map a part of Earth’s upper atmosphere that is notoriously difficult to observe. Using orbital data from roughly 1,200 Starlink satellites, they reconstructed changes in atmospheric density about 500 kilometers above Earth. The approach could sharpen satellite tracking and help reduce the growing risk of collisions in increasingly crowded orbits.",Physical/Tech,https://www.sciencedaily.com/releases/2026/08/260812015212.htm
NASA’s Moon Base Is Taking Shape With 20+ Lunar Landings Planned,"NASA is assembling the foundations of a future Moon Base through a wave of robotic missions and powerful new commercial landers. More than 20 landings are planned through 2029, testing everything from precision landings and lunar communications to rovers, power systems, and technology that can survive the Moon’s extreme conditions. Upcoming missions could also make history by exploring the Moon’s far side and a mysterious magnetic lunar swirl. Each landing brings NASA closer to a sustained human presence on the lunar surface.",Physical/Tech,https://www.sciencedaily.com/releases/2026/08/260810015706.htm
Voyager 2 Was Running out of Power. NASA Just Bought It More Time,"NASA engineers have found a clever way to squeeze more life out of Voyager 2, nearly half a century after it left Earth. In an operation nicknamed the “Big Bang,” the team simultaneously shut down certain power-hungry hardware and switched to lower-power alternatives while keeping the spacecraft warm enough to survive.",Physical/Tech,https://www.sciencedaily.com/releases/2026/08/260810015703.htm
A 0.42-Nanometer Breakthrough Could Push Transistors Beyond Silicon,"Atomically thin semiconductors could enable dramatically smaller and more efficient chips, but a stubborn problem at the boundary between materials has limited their performance. Researchers have now engineered that atomic interface to protect electron flow while still allowing extremely thin insulating layers. The resulting transistors delivered an unusually strong combination of electrical control and performance.",Physical/Tech,https://www.sciencedaily.com/releases/2026/08/260808234943.htm
"A Massive New Cosmic Map Is Revealing Black Holes, Rare Stars, and Hidden Gas","Astronomers have released more than three million new spectra in a sweeping expansion that, for the first time, brings SDSS-V optical observations to the Southern Hemisphere. The data reveal everything from rare stars and glowing nebulae to hundreds of thousands of X-ray sources and supermassive black holes changing over time.",Physical/Tech,https://www.sciencedaily.com/releases/2026/08/260813045541.htm
A Solar Eclipse and the Perseid Meteor Shower Arrive on the Same Day,"August brings four major celestial events, including a solar eclipse and the peak of the Perseid meteor shower. Dark New Moon skies could make the Perseids especially impressive, while Venus will blaze in the west after sunset. A deep partial lunar eclipse closes the month, darkening most of the Moon.",Physical/Tech,https://www.sciencedaily.com/releases/2026/08/260804034628.htm
Scientists Reveal the Hidden Force Driving the Universe’s Hottest Fluid,"When atomic nuclei smash together at nearly the speed of light, they create the hottest fluid in the universe, but scientists may have overlooked one of its most important forces. New simulations reveal that extreme acceleration builds up along the edges of quark-gluon plasma, helping drive its explosive expansion. This acceleration may do far more than move the fluid, potentially changing its temperature-like behavior, influencing particle spins, and even reshaping how matter transitions between fundamental states.",Physical/Tech,https://www.sciencedaily.com/releases/2026/08/260802223422.htm
Moonquakes Could Reveal Hidden Water Beneath the Lunar Surface,Hidden moon ice may reveal itself through the way it bends and reflects vibrations from moonquakes. The technique could help astronauts locate vital water supplies and uncover clues about the origins of Earth’s oceans.,Physical/Tech,https://www.sciencedaily.com/releases/2026/08/260802223420.htm
Giant Waves Are Sweeping Mars’ Atmosphere Into Space,The solar wind may be stripping away Mars’ atmosphere by creating giant rolling waves along its outer edge. Data from MAVEN and Tianwen-1 show that these waves form plasma clouds that carry atmospheric particles into space. The process is concentrated on one side of Mars and may have played a major role in drying out the once potentially habitable planet.,Physical/Tech,https://www.sciencedaily.com/releases/2026/08/260801042816.htm
Mathematicians Prove Perfectly Fair Elections Are Impossible,"Mathematicians have shown that no electoral system can perfectly balance local representation, proportional national results, and a fixed-size parliament once enough parties compete. A newly proposed voting method could soften these unavoidable trade-offs and produce outcomes that are much closer to fair.",Physical/Tech,https://www.sciencedaily.com/releases/2026/08/260801042812.htm
World-First Photonic Time Crystal Opens a New Era of Light Control,"Scientists have built the first all-optical photonic time crystal, allowing them to reshape the behavior of terahertz light at extraordinary speeds. The breakthrough could open the door to ultrafast computing, smarter communication systems, advanced imaging, and a new generation of highly tunable lasers.",Physical/Tech,https://www.sciencedaily.com/releases/2026/07/260731034131.htm
Black Holes May Spit out Nearly as Much Matter as They Swallow,"A black hole observed during a dramatic 2023 eruption did not simply devour gas from its nearby companion star. It also expelled large amounts of material through powerful jets and winds, even after the outburst had nearly faded. The results suggest black holes may continue reshaping their surroundings long after their brightest fireworks end.",Physical/Tech,https://www.sciencedaily.com/releases/2026/07/260731034127.htm
Webb’s Mysterious Little Red Dots May Be Hiding Entire Galaxies,"Astronomers may finally have a clue to what happens to the mysterious “little red dots” that crowded the early universe. By studying a spiral galaxy nicknamed the “Saguaro,” researchers found a compact, bright red center that closely resembles these distant objects—but with something Webb usually can’t see around them: a full galaxy. When the team simulated what the Saguaro would look like much farther away, its spiral structure essentially vanished, leaving only the bright red core.",Physical/Tech,https://www.sciencedaily.com/releases/2026/08/260815064808.htm
Neptune’s Tiny Moons May Be the Wreckage of Shattered Ancient Worlds,"JWST has uncovered surprising clues that Neptune’s strange inner moons may be the wreckage of an ancient cosmic catastrophe. Researchers detected clay-like minerals on Larissa, Galatea, and Neptune’s rings that form in the presence of liquid water—yet the moons themselves show no obvious water ice. The material likely came from deep inside much larger icy moons that were shattered when Triton was captured by Neptune, destroying much of the planet’s original satellite system.",Physical/Tech,https://www.sciencedaily.com/releases/2026/08/260813045545.htm
NASA’s Curiosity Rover Finds a Mysterious Honeycomb Landscape on Mars,"NASA’s Curiosity rover has entered a Martian valley covered by an astonishing “sea” of tiny polygon-shaped fractures. The honeycomb patterns, each only a few inches wide, stretch across the landscape and even wrap around a nearby 20-foot-tall butte.",Physical/Tech,https://www.sciencedaily.com/releases/2026/07/260731034142.htm
“I Jumped from My Chair” – Astronomers Spot Betelgeuse’s Hidden Companion,"Astronomers have captured their clearest image yet of Betelgeuse’s long-suspected companion, potentially ending a search that lasted about 100 years. The surprisingly massive hidden star could help explain Betelgeuse’s changing brightness and may influence its future supernova.",Physical/Tech,https://www.sciencedaily.com/releases/2026/08/260827010514.htm
Scientists Catch a Hidden Electronic State Forming in Just 30 Femtoseconds,"Scientists watched a light-triggered hidden state form inside a material in only 30 femtoseconds, revealing a step that had never been seen before. The material first entered a fleeting electronic state in which its bonds reorganized in a repeating pattern, followed by tiny atomic shifts. This ultrafast pathway could offer a new way to control electronic properties with light and help inspire faster, more responsive technologies.",Physical/Tech,https://www.sciencedaily.com/releases/2026/08/260820202856.htm
A Star’s Violent Death Exposed a Hidden Supermassive Black Hole,"A supermassive black hole has been found lurking about 30,000 light-years from the center of its galaxy—the first dormant black hole detected so far from a galactic core. It revealed itself only after shredding a passing star and producing a brief, brilliant flare. Astronomers think it may be the remnant of a devoured galaxy or a black hole flung outward during a chaotic cosmic encounter.",Physical/Tech,https://www.sciencedaily.com/releases/2026/08/260805082457.htm
Blazing Like 10 Billion Suns: NASA’s Swift Sees a Wandering Black Hole Devouring a Star,"NASA’s Swift Observatory observed a supermassive black hole ripping apart a star more than 30,000 light-years from the center of a distant galaxy. The extraordinary flare briefly outshone its entire host galaxy in ultraviolet light and revealed a black hole about a million times the Sun’s mass.",Physical/Tech,https://www.sciencedaily.com/releases/2026/07/260727214609.htm
After 241 Days in Orbit This NASA Astronaut Is Finally Home,"NASA astronaut Chris Williams and two Roscosmos cosmonauts are back on Earth after spending 241 days aboard the International Space Station. Their journey covered more than 102 million miles and included 3,856 trips around the planet.",Physical/Tech,https://www.sciencedaily.com/releases/2026/07/260727012131.htm
Your AI Calorie-Tracking App May Be Off by 345 Calories,"Popular AI-powered food apps may make calorie counting easier, but they may also leave out a surprisingly large part of the meal. Four apps underestimated calories and fat by about one-third when tested against carefully prepared meals. High-fat ketogenic dishes appeared to cause the most trouble, while carbohydrates were measured more consistently.",Physical/Tech,https://www.sciencedaily.com/releases/2026/07/260726015237.htm
